aalborg;Denmark
aarhus;Denmark
aberdeen;England
akranes;Iceland
akureyri;Iceland
alajarvi;Iceland
alakurtti;Russia
alban;France
amsterdam;Netherlands
andorra;Andora
angers;France
antwerp;Belgium
arad;Hungary
arnhem;Netherlands
arxangelsk;Russia
aurach;Germanz
babruysk;Belarus
bacau;Romania
baiamare;Romania
balti;Moldovia
balvi;Romania
baranovichi;Belarus
barcelona;Spain
basel;Austria
bayonne;France
bbiala;Poland
bergen;Norway
berlin;Germany
bern;Switzerland
bialystok;Poland
biatorbagy;Hungary
bicske;Hungary
bilbao;Spain
birmingham;England
birsay;England
blonduos;Iceland
bobolice;Poland
bodajk;Hungary
bologna;Italy
bolungarvik;Iceland
bordeaux;France
borgarnes;Iceland
bourges;France
bratislava;Slovakia
bremen;Germany
bremerhaven;Germany
brest;France
brno;Czech
broadford;England
brussel;Belgium
bryansk;Russia
bucuresti;Romania
budapest;Hungary
burg;Germany
busko;Poland
bydgoszcz;Poland
bystrica;Slovakia
caen;France
calais;France
cambridge;England
cardiff;England
carlisle;England
cegled;Hungary
chelmsford;England
cieszyn;Poland
clermont;France
cluj;Romania
constanta;Romania
craiova;Romania
croydon;England
czluchow;Poland
debrecen;Hungary
dijon;France
donostia;Spain
dortmund;Germany
douglas;England
dover;England
dresden;Germany
duisburg;Germany
dusseldorf;Germany
dziwnowek;Poland
edinburgh;England
eindhoven;Netherlands
erfurt;Germany
felixstowe;England
firenze;Italy
flensburg;Germany
frankfurt;Germany
frederikshv;Germany
ftwilliam;England
gdansk;Poland
gdynia;Poland
gedser;Denmark
geneve;Switzerland
gizycko;Poland
glasgow;England
golfech;France
gomel;Belarus
gorzow;Poland
goteborg;Sweden
graz;Austria
grimsby;England
groedig;Austria
groningen;Netherlands
grudziadz;Poland
hamburg;Germany
hameenlinna;Finland
hannover;Germany
haparanda;Sweden
havre;France
heilbronn;Germany
helsingborg;Sweden
helsinki;Finland
herning;Denmark
hirtshals;Denmark
hofn;Iceland
holmavik;Iceland
holstebro;Denmark
hull;England
ilza;Poland
innsbruck;Austria
inverness;England
irun;Spain
isafjordur;Iceland
janow;Poland
joensuu;Finland
jonkoping;Sweden
jonquera;Spain
jyvaskyla;Finland
kalmar;Sweden
kardla;Estonia
karlskrona;Sweden
karlstad;Sweden
karsamaki;Finland
kassel;Germany
katowice;Poland
kaunas;Lithuania
keflavik;Iceland
kiel;Germany
kielce;Poland
kirkenes;Norway
kirkwall;England
kirov;Russia
klagenfurt;Austria
klaipeda;Lithuania
klaksvik;Faroe Island
kobenhavn;Denmark
kolding;Denmark
koln;Germany
kolomna;Russia
kosice;Slovakia
koszalin;Poland
kotala;Finland
kotlas;Russia
kovrov;Russia
krafla;Iceland
krakow;Poland
krasnbog;Russia
kristiansand;Norway
kristianstad;Sweden
kristiinank;Finland
krosno;Poland
kuopio;Finland
kuressaare;Estonia
kursk;Russia
labatlan;Hungary
lahti;Finland
larochelle;France
laurent;France
lehavre;France
leipzig;Germany
lellinge;France
lemans;France
liege;Belgium
liepaja;France
lille;France
limoges;France
linkoping;Sweden
linz;Austria
liverpool;England
livorno;Italy
ljubljana;Slovenia
lodz;Poland
lomza;Poland
london;England
longyearbyen;Norway
lorient;France
louhi;Finland
lovasbereny;Hungary
lubim;Bulgaria
lublin;Poland
luga;Russia
luki;Russia
luxembourg;Luxembourg
lyon;France
magdeburg;Germany
malmo;Sweden
manchester;England
mannheim;Germany
manresa;Spain
mans;France
maribor;Slovenia
marseille;France
metz;France
miedzyzdroje;Poland
mikkeli;Finland
mikolajki;Poland
milano;Italy
minsk;Belarus
mirni;Russia
modena;Italy
mogilev;Belarus
monor;Hungary
montpellier;France
moroz;Russia
moscow;Russia
moskushamn;Russia
mozir;Belarus
mstislavl;Belarus
mukacheve;Ukraine
munchen;Germany
muravlenko;Russia
murmansk;Russia
nahodka;Russia
nantes;France
napapiiri;Finland
narbonne;France
narva;Estonia
newcastle;England
nice;France
nikel;Russia
novgorod;Russia
novomesto;Russia
novomoskovsk;Russia
nowaj_ladoga;Russia
nowajgorod;Russia
nowogard;Poland
nurnberg;Germany
nynashamn;Sweden
nyujfalu;Romania
oban;England
oberhausen;Germany
obninsk;Russia
ocsa;Hungary
odense;Denmark
olsztyn;Poland
opole;Poland
oradea;Romania
orebro;Sweden
orel;Russia
orkeny;Hungary
oslo;Norway
osnabruck;Germany
ostrava;Czech
ostroleka;Poland
oulu;Finland
padborg;Denmark
paluel;France
panevezys;Lithuania
paris;France
parma;Italy
parnu;Estonia
pau;France
pecs;Hungary
perpignan;France
pestovo;Russia
peterburg;Russia
piatra;Romania
pila;Poland
pilis;Hungary
pinsk;Belarus
pleseck;Russia
plock;Poland
plymouth;England
poitiers;France
polgardi;Hungary
pori;Finland
porkhov;Russia
portree;England
portsmouth;England
porvoo;Finland
poznan;Poland
prague;Czech
przemysl;Poland
pskov;Russia
radom;Poland
ramsey;England
reims;France
renne;France
rennes;France
reykjavik;Iceland
rezekne;Latvia
riga;Latvia
roscoff;France
roslavl;Russia
rostock;Germany
rotterdam;Netherlands
rouen;France
rovaniemi;Finland
ruse;Bulgaria
rzeszow;Poland
saare;Estonia
salehard;Russia
salzburg;Austria
sanok;Poland
sarbogard;Hungary
selfoss;Iceland
sheffield;England
sibiu;Romania
siedlce;Poland
smolensk;Russia
soderhamn;Sweden
sodertalje;Sweden
solt;Hungary
southampton;England
stargard;Poland
stavanger;Norway
stockholm;Sweden
strasbourg;France
strzelcekraj;Poland
stuttgart;Germany
sundsvall;Sweden
surgut;Russia
suwalki;Poland
swansea;England
swinoujscie;Poland
szczecin;Poland
szeged;Hungary
tallinn;Estonia
tampere;Finland
tartu;Finland
tata;Hungary
terendk18;Poland
timisoara;Romania
tobolsk;Russia
torino;Italy
tornio;Finland
torokbalint;Hungary
torshavn;Faroe Island
tosno;Russia
toulouse;France
tours;France
trelleborg;Sweden
trieste;Italy
truckstope45;Denmark
tukums;Latvia
turku;Finland
tver;Russia
udine;Italy
ugorsk;Ukraine
ullo;Hungary
ulm;Germany
umea;Sweden
uppsala;Sweden
uzhhorod;Ukraine
vaasa;Finland
vaduz;Lichtenstein
valday;Russia
valka;Latvia
vantaa;Finland
varkaus;Finland
vasteraas;Sweden
vaxjo;Sweden
velence;Hungary
venezia;Italy
ventspils;Latvia
verona;Italy
viborg;Denmark
vicenza;Italy
viitasaari;Finland
visegrad;Hungary
vitebsk;Belarus
vologda;Russia
voronezh;Russia
vuktil;Russia
vyazma;Russia
vyborg;Russia
warszawa;Poland
wick;England
wien;Austria
wroclaw;Poland
yukhnov;Russia
zamosc;Poland
zelenogradsk;Russia
zgierz;Poland
zgorzelec;Poland
zurich;Switzerland
zwolle;Netherlands
civaux;France
saldus;Latvia
valga;Estonia
kolka;Latvia
rakvere;Estonia
ogre;Estonia
esbjerg;Denmark
arhus;Denmark
odda; Norway
gardermoen;Norway
honefoss;Norway
geilo;Norway
fjardabyggd;Iceland
jekabpils;Latvia
esbjerg;Denmark
thurso;England
genova;Russia
reydar;Russia
chisinau;Russia
gavle;Russia
seydis;Russia
kemi;Russia
halle;Russia
evie;Russia
haapsalu;Finland
kemijarvi;Finland
trinity;Russia
sthelier;Russia
ornskoldsvik;Russia
bado;Russia
europabr;Russia
furth;Germany
roadworks_a9;Poland
roadworks_a7;Poland
geisel;Germany
gulbene;Latvia
brect;Belarus
nevel;Russia
borisoglebsk;Russia
saratov;Russia
engels;Russia
klin;Russia
rgev;Russia
orsha;Belarus
volochyok;Russia
velig;Russia
ostashkov;Russia
kholm;Russia
volokolamsk;Russia
sluck;Belarus
tula;Russia
shlisselburg;Russia
tambov;Russia
kaluga;Russia
krasnoslob;Russia
volgograd;Russia
volzhskiy;Russia
hiorthhamn;Norway
kokkola;Finland
lisburn;England
zagreb;Croatia
subotica;Serbia
kaliningrad;Russia
koblenz;Germany
lleida;Spain
mariehamn;AlandIsland
hainburg;Austria
dublin;Ireland
kandalaksha;Russia
trondheim;Norway
sangerhausen;Germany
canterbury;England
reutte;Austria
canfranc;Spain
are;Sweden
holyhead;England
belfast;England
novisad;Serbia
obsteig;Austria
limerick;Ireland
mainz;Germany
huesca;Spain
ostersund;Sweden
dumfries;England
ronne;Denmark
londonderry;England
gyor;Hungary
folkestone;England
chernyakh;Russia
sligo;Ireland
bonn;Germany
taurage;Lithuania
larne;England
utsjoki;Finland
tanabru;Norway
stranraer;England
otta;Norway
oppdal;Norway
galway;Ireland
fishguard;England
orkanger;Norway
dombas;Norway
vik;Iceland
ilowa;Poland
sodankyla;Finland
daugavpils;Latvia
cairnryan;England
verkhnetulom;Russia
ostrowm;Poland
ivalo;Finland
slbrod;Croatia
wexford;Ireland
rijeka;Croatia
osijek;Croatia
zrenjanin;Croatia
olszyna;Poland
vestmann;Iceland
perth;England
wiesbaden;Germany
elblag;Poland
honningsvag;Norway
fraserburgh;England
augustow;Poland
forst;Germany
lillehammer;Norway
uelzen;Germany
hamar;Norway
san_diego;
los_angeles;
sierra_vista;
jackpot;
sacramento;
san_rafael;
bakersfield;
redding;
nogales;
las_vegas;
ely;
ukiah;
san_francisc;
elko;
carson_city;
reno;
barstow;
page;
ehrenberg;
eureka;
fresno;
kingman;
oakdale;
holbrook;
san_simon;
flagstaff;
phoenix;
carlsbad;
truckee;
el_centro;
yuma;
oxnard;
show_low;
g_canyon_vlg;
huron;
camp_verde;
stockton;
kayenta;
hornbrook;
primm;
santa_cruz;
winnemucca;
pioche;
tucson;
oakland;
tonopah;
santa_maria;
reda;Poland
sopot;Poland
lebork;Poland
wejherowo;Poland
rumia;Poland
ostroda;Poland
leba;Poland
ilawa;Poland
legnica;Poland
walcz;Poland
jaworznia;Poland
rusinowo;Poland
szczecinek;Poland
opatow;Poland
napoli;Italy
messina;Italy
catania;Italy
pescara;Italy
catanzaro;Italy
roma;Italy
bari;Italy
taranto;Italy
palermo;Italy
ancona;Italy
sangiovanni;Italy
terni;Italy
cassino;Italy
suzzara;Italy
ullapool;England
orleans;France
drammen;Italy
